Type, Latitude,Longitude
Library,-27.50948,153.033338
Library,-27.444473,152.987317
Library,-27.374559,153.078214
Library,-27.31869,153.038075
Library,-27.470772,153.022319
Library,-27.45209,153.06281
Library,-27.49369,153.089761
Library,-27.501358,153.101917
Library,-27.386329,153.035194
Library,-27.564974,153.03955
Library,-27.538956,152.981515
Library,-27.405409,152.990407
Library,-27.509299,153.026449
Library,-27.562594,153.081563
Library,-27.425266,153.017813
Library,-27.437927,153.06428
Library,-27.523358,153.072525
Library,-27.597627,152.974295
Library,-27.498831,152.972278
Library,-27.506073,152.939041
Library,-27.417233,152.978229
Library,-27.475265,152.97627
Library,-27.538261,153.080403
Library,-27.549505,152.939147
Library,-27.466767,153.049853
Library,-27.400956,153.058022
Library,-27.320864,153.069805
Library,-27.498051,153.043819
Library,-27.610938,153.055362
Library,-27.484803,152.992512
Library,-27.482328,153.012125
Library,-27.443054,153.172974
Library,-27.359686,153.040633
Schools,-23.338394,150.537313
Schools,-28.036607,151.98635
Schools,-27.320777,153.007607
Schools,-25.317486,152.852427
Schools,-27.718441,153.199219
Schools,-27.518771,153.019927
Schools,-27.927513,153.176347
Schools,-20.009556,148.243299
Schools,-27.430843,153.030216
Schools,-27.481846,152.989087
Schools,-27.20442,153.109623
Schools,-27.496103,152.913087
Schools,-27.453114,153.065005
Schools,-24.869679,152.34814
Schools,-27.611463,152.804598
Schools,-24.004108,151.202766
Schools,-22.8368,147.632798
Schools,-27.528484,153.270686
Schools,-27.516519,153.258213
Schools,-26.924923,150.135035
Schools,-27.579403,153.01462
Schools,-26.488248,147.9712
Schools,-27.184945,151.262294
Schools,-27.72142,151.96184
Schools,-27.602645,151.911411
Schools,-23.302299,150.730843
Schools,-27.421441,153.073632
Schools,-27.593239,153.109127
Schools,-27.417145,152.994134
Schools,-27.526844,152.965307
Schools,-25.546752,152.70367
Schools,-27.744816,153.319418
Schools,-28.13485,152.137363
Schools,-27.559812,152.278538
Schools,-25.624269,151.605787
Schools,-27.402548,153.058168
Schools,-23.842002,151.257812
Schools,-27.606637,152.893742
Schools,-28.543435,150.307635
Schools,-23.435617,150.453833
Schools,-26.188259,152.664744
Schools,-28.039679,153.31101
Schools,-26.1996,152.675328
Schools,-27.554884,152.126044
Schools,-27.462239,151.956818
Schools,-27.407089,151.99626
Schools,-28.416453,151.07671
Schools,-23.563935,150.471057
Schools,-25.992346,152.559953
Schools,-27.621414,152.769039
Schools,-27.383311,153.016685
Schools,-27.602126,152.763022
Schools,-27.575961,153.051813
Schools,-24.260126,144.440021
Schools,-27.373315,151.585072
Schools,-27.927501,153.39708
Schools,-23.375744,150.560276
Schools,-28.01341,151.579369
Schools,-27.714303,153.114193
Schools,-27.686275,153.180808
Schools,-21.145246,149.182122
Schools,-25.535521,152.699914
Schools,-27.569111,152.877131
Schools,-19.700739,147.346424
Schools,-25.182083,151.642869
Schools,-27.459089,152.051649
Schools,-26.67205,152.005045
Schools,-27.531508,152.983417
Schools,-27.563966,152.98083
Schools,-27.459964,153.00977
Schools,-27.817322,153.27773
Schools,-11.965247,141.884106
Schools,-27.595624,151.969013
Schools,-27.508335,152.929433
Schools,-27.779277,152.73141
Schools,-27.64791,152.851517
Schools,-27.566884,152.277481
Schools,-27.617991,153.092969
Schools,-24.462666,148.624401
Schools,-27.376329,152.881273
Schools,-26.714139,153.059897
Schools,-26.748916,152.845623
Schools,-22.587139,148.346661
Schools,-21.081573,149.185652
Schools,-27.643076,153.152733
Schools,-27.430845,153.030212
Schools,-22.949601,148.928774
Schools,-24.11555,148.087098
Schools,-22.345084,149.52922
Schools,-25.639101,149.801055
Schools,-27.591972,152.236244
Schools,-25.728547,152.580366
Schools,-27.500611,152.996097
Schools,-27.556675,151.948737
Schools,-27.302164,151.852659
Schools,-19.25115,146.811829
Schools,-27.571706,152.629056
Schools,-27.656562,152.750369
Schools,-28.217477,152.029726
Schools,-25.159117,152.212041
Schools,-27.493415,153.027742
Schools,-23.617231,150.154429
Schools,-27.533492,151.912187
Schools,-27.892995,152.974105
Schools,-27.765051,153.106533
Schools,-27.868421,153.315643
Schools,-27.106571,152.947001
Schools,-27.562744,151.902395
Schools,-27.474132,153.126695
Schools,-27.556435,153.079838
Schools,-23.484438,150.32029
Schools,-27.695536,153.145257
Schools,-27.643654,152.592754
Schools,-28.649844,151.933944
Schools,-27.378886,153.050738
Schools,-28.038029,148.580728
Schools,-23.253163,150.675538
Schools,-18.26865,146.030532
Schools,-27.532878,152.895317
Schools,-20.103715,146.889783
Schools,-27.154888,149.067199
Schools,-27.542164,153.106108
Schools,-26.573807,148.787681
Schools,-27.665608,152.465311
Schools,-27.939455,151.813028
Schools,-27.514872,152.631878
Schools,-24.884918,146.253227
Schools,-28.198089,152.215517
Schools,-27.770179,152.651858
Schools,-27.320642,153.065687
Schools,-27.783091,151.943884
Schools,-23.391708,150.503742
Schools,-20.088952,146.275146
Schools,-27.988829,153.002519
Schools,-28.086849,153.347618
Schools,-27.82835,153.178574
Schools,-24.852304,152.340355
Schools,-27.253416,153.0812
Schools,-28.341292,152.297358
Schools,-27.246573,153.108783
Schools,-18.203217,142.24931
Schools,-27.439283,151.720723
Schools,-16.461767,145.373994
Schools,-26.087128,152.241604
Schools,-27.446906,152.644055
Schools,-19.783769,147.226538
Schools,-23.88015,151.222573
Schools,-23.606187,148.54558
Schools,-26.409138,153.029226
Schools,-27.877698,151.265702
Schools,-15.481863,145.250958
Schools,-18.294551,143.547234
Schools,-27.430431,151.904921
Schools,-27.181391,152.949329
Schools,-26.390041,153.03238
Schools,-26.584073,149.185949
Schools,-27.267947,152.972207
Schools,-21.68989,148.689757
Schools,-26.404865,146.241913
Schools,-27.448058,152.977437
Schools,-27.491511,148.326592
Schools,-27.346149,152.970755
Schools,-27.194406,152.820049
Schools,-27.571782,153.067016
Schools,-25.538713,152.714708
Schools,-28.073908,153.376585
Schools,-27.709023,151.866475
Schools,-27.533515,153.07227
Schools,-27.247743,152.425994
Schools,-28.139992,153.430151
Schools,-15.857105,144.857307
Schools,-23.544742,148.158542
Schools,-23.604175,146.129136
Schools,-27.459491,153.027559
Schools,-23.413242,150.514108
Schools,-19.247665,146.673308
Schools,-27.480277,153.008009
Schools,-18.583458,146.284909
Schools,-20.079896,146.263415
Schools,-25.558592,152.66775
Schools,-25.603854,152.590998
Schools,-27.988444,153.338259
Schools,-27.494847,153.061382
Schools,-28.157931,145.050127
Schools,-26.684509,153.053417
Schools,-27.583764,152.777154
Schools,-28.214634,152.038498
Schools,-27.502752,153.115276
Schools,-27.403128,152.929301
Schools,-27.432033,153.004101
Schools,-27.61867,153.2928
Schools,-23.959622,151.365041
Schools,-20.74156,139.500376
Schools,-27.594949,153.288058
Schools,-16.90574,145.74217
Schools,-25.501913,152.710132
Schools,-27.191031,153.029347
Schools,-27.533857,152.523892
Schools,-28.110394,153.463208
Schools,-20.360129,145.65678
Schools,-27.465821,152.581785
Schools,-15.295194,145.108213
Schools,-26.740669,150.626385
Schools,-27.798024,152.371982
Schools,-27.619052,152.784514
Schools,-27.401753,152.94406
Schools,-17.373755,145.378212
Schools,-27.46818,153.173511
Schools,-27.110745,152.924212
Schools,-23.645771,149.330138
Schools,-27.550919,152.807199
Schools,-27.870072,153.306888
Schools,-26.453259,153.03325
Schools,-27.486907,152.546057
Schools,-28.074373,153.352845
Schools,-27.490834,153.239349
Schools,-13.353032,141.729393
Schools,-27.36477,153.037452
Schools,-27.554507,152.929351
Schools,-24.845894,152.397098
Schools,-27.677651,153.235185
Schools,-24.935076,152.175705
Schools,-28.039801,153.417729
Schools,-27.398492,153.070915
Schools,-27.621094,153.237496
Schools,-27.60605,152.661749
Schools,-27.449371,152.951404
Schools,-19.304544,146.722627
Schools,-28.071361,145.679173
Schools,-16.666371,139.183349
Schools,-26.053304,151.82931
Schools,-27.265185,152.051137
Schools,-27.554245,152.543413
Schools,-28.295071,152.248805
Schools,-27.432947,153.056093
Schools,-27.491476,151.891923
Schools,-24.992419,151.954785
Schools,-24.425596,145.470046
Schools,-23.807569,150.974215
Schools,-27.705589,153.170645
Schools,-19.263025,146.826783
Schools,-22.59457,144.543306
Schools,-19.293138,146.749898
Schools,-19.314728,146.800358
Schools,-19.364162,146.723894
Schools,-26.76909,152.957999
Schools,-21.264501,148.976348
Schools,-27.757589,151.45065
Schools,-22.974584,145.242949
Schools,-21.121031,149.148706
Schools,-27.650275,152.331972
Schools,-27.891876,151.783898
Schools,-28.490157,151.973061
Schools,-24.771497,152.414774
Schools,-27.56241,152.593709
Schools,-26.567492,148.779737
Schools,-27.32924,153.054737
Schools,-18.577249,146.25186
Schools,-27.611463,152.804598
Schools,-27.407675,152.997093
Schools,-27.546458,153.204037
Schools,-27.281618,152.974965
Schools,-17.941233,138.828059
Schools,-27.435556,152.986653
Schools,-27.99741,152.680435
Schools,-18.999076,144.980704
Schools,-17.021237,145.735604
Schools,-27.800442,153.276274
Schools,-26.765568,153.013785
Schools,-27.293318,152.975039
Schools,-26.656557,150.18542
Schools,-23.716044,149.667938
Schools,-27.943123,152.62347
Schools,-23.581245,149.068079
Schools,-25.322864,152.557444
Schools,-27.084214,152.963189
Schools,-26.803779,152.964419
Schools,-24.878694,152.405796
Schools,-27.621789,152.915277
Schools,-21.159064,149.064979
Schools,-23.523568,148.160998
Schools,-19.280247,146.773462
Schools,-27.640232,153.128014
Schools,-25.798676,146.5841
Schools,-27.607697,153.129133
Schools,-27.630199,153.115547
Schools,-17.672966,141.079627
Schools,-26.17029,152.642792
Schools,-26.62143,152.964562
Schools,-27.621092,152.750822
Schools,-21.110224,149.157169
Schools,-27.970422,153.400122
Schools,-27.082934,152.948542
Schools,-26.961481,152.78065
Schools,-27.406339,153.034884
Schools,-26.614401,149.381565
Schools,-27.718463,151.6342
Schools,-21.110728,149.157384
Schools,-27.29401,152.850205
Schools,-27.388122,152.989418
Schools,-18.736284,146.578504
Schools,-28.068481,152.594504
Schools,-28.049652,153.367867
Schools,-27.629112,152.190092
Schools,-24.867435,152.407954
Schools,-26.93034,150.917526
Schools,-24.56514,149.295083
Schools,-20.846624,144.196747
Schools,-27.543596,152.470256
Schools,-23.532222,148.151294
Schools,-24.00377,151.325104
Schools,-27.542725,151.922169
Schools,-19.315336,146.734481
Schools,-23.583623,148.87771
Schools,-26.497537,151.822331
Schools,-24.872781,152.263501
Schools,-27.530029,152.934789
Schools,-22.059844,148.579568
Schools,-27.518299,153.220994
Schools,-24.822925,152.305818
Schools,-27.995583,143.827018
Schools,-23.082812,148.024909
Schools,-20.704017,140.505858
Schools,-27.601477,151.956509
Schools,-28.217032,149.793707
Schools,-27.464269,153.159283
Schools,-26.213728,152.686032
Schools,-28.070967,149.982102
Schools,-25.279518,152.833215
Schools,-24.248687,147.606917
Schools,-27.868137,152.049612
Schools,-28.031552,147.475969
Schools,-24.952099,152.378651
Schools,-27.492803,153.079048
Schools,-19.294227,146.789553
Schools,-28.850504,151.174371
Schools,-21.092238,149.068803
Schools,-19.315486,146.778356
Schools,-23.125095,150.73754
Schools,-27.94267,153.403045
Schools,-27.173543,152.942076
Schools,-24.886842,152.336254
Schools,-17.483284,140.841173
Schools,-18.652296,146.161693
Schools,-19.579138,147.400398
Schools,-17.009414,145.741058
Schools,-27.546791,153.011792
Schools,-27.451569,152.991392
Schools,-27.659227,152.921063
Schools,-14.89858,141.621434
Schools,-28.918325,151.931627
Schools,-15.471714,141.744587
Schools,-25.420451,142.654053
Schools,-26.772421,153.11766
Schools,-10.579127,142.222365
Schools,-27.72274,152.223681
Schools,-26.462346,152.679814
Schools,-19.553727,147.349195
Schools,-20.522942,145.397987
Schools,-27.537687,151.925383
Schools,-26.523505,152.96616
Schools,-21.276173,149.050619
Schools,-27.807296,152.957477
Schools,-27.604671,153.069482
Schools,-23.25921,150.82102
Schools,-23.554154,147.745099
Schools,-20.574566,147.820075
Schools,-26.66682,152.973145
Schools,-22.385272,143.038695
Schools,-27.30728,153.050112
Schools,-26.716816,153.056494
Schools,-28.006354,153.391125
Schools,-26.179663,152.732925
Schools,-21.374461,144.278743
Schools,-25.523372,152.693923
Schools,-27.108912,152.953631
Schools,-27.410923,153.017443
Schools,-20.869095,144.605782
Schools,-27.615386,152.114763
Schools,-26.552307,152.958226
Schools,-27.200218,153.030508
Schools,-26.765606,152.857306
Schools,-27.535121,149.393724
Schools,-27.665146,152.160518
Schools,-24.861844,152.372379
Schools,-19.267767,146.803975
Schools,-27.560323,151.966105
Schools,-21.152433,149.16165
Schools,-27.069929,152.932523
Schools,-12.785143,143.344184
Schools,-27.493415,153.027742
Schools,-26.444683,147.544718
Schools,-19.250927,146.793088
Schools,-27.71401,150.373348
Schools,-27.629107,152.557084
Schools,-27.296435,152.989242
Schools,-27.509771,153.035212
Schools,-27.702067,153.039102
Schools,-27.412818,152.975804
Schools,-23.650002,146.642506
Schools,-21.145681,148.958678
Schools,-17.426723,145.204512
Schools,-28.206,153.040057
Schools,-24.469134,150.131069
Schools,-25.348326,152.601071
Schools,-18.589841,143.602879
Schools,-27.658857,151.855129
Schools,-26.415675,147.109578
Schools,-23.645833,150.388075
Schools,-17.517999,146.028648
Schools,-27.530126,153.260332
Schools,-21.0595,148.931635
Schools,-17.738838,139.547604
Schools,-23.559048,145.294399
Schools,-27.535509,153.073762
Schools,-27.357017,153.024677
Schools,-27.545803,151.964926
Schools,-24.885223,152.360143
Schools,-26.779943,151.112705
Schools,-17.021342,145.735793
Schools,-27.083142,153.161765
Schools,-28.212115,153.004805
Schools,-24.877583,152.349882
Schools,-21.09565,149.180445
Schools,-28.738893,151.872823
Schools,-21.059717,149.161295
Schools,-21.422182,149.217652
Schools,-19.32434,146.812551
Schools,-21.152436,149.176746
Schools,-23.134711,150.734265
Schools,-27.467157,152.998882
Schools,-23.665005,150.044619
Schools,-16.905327,145.86457
Schools,-27.673812,153.142893
Schools,-19.304468,146.812476
Schools,-26.17376,152.662167
Schools,-28.017066,153.162275
Schools,-25.230748,152.279749
Schools,-26.855853,152.93987
Schools,-27.588666,152.747584
Schools,-24.735825,152.160379
Schools,-23.33703,150.51405
Schools,-27.606674,152.776741
Schools,-20.734049,143.142829
Schools,-25.925181,152.994883
Schools,-25.952449,152.54075
Schools,-25.372071,151.119315
Schools,-27.92052,152.705391
Schools,-15.557595,144.446956
Schools,-27.593297,153.017909
Schools,-27.500236,152.965934
Schools,-20.288688,148.675185
Schools,-23.909442,151.267055
Schools,-20.27508,148.699956
Schools,-27.606243,152.976601
Schools,-25.136508,151.127706
Schools,-26.694029,152.946716
Schools,-27.335734,152.956199
Schools,-27.857825,153.3058
Schools,-22.907947,139.910677
Schools,-27.497392,153.228537
Schools,-27.57002,153.234224
Schools,-19.65471,147.34833
Schools,-26.686142,153.00532
Schools,-27.157586,152.959156
Schools,-26.340808,152.824042
Schools,-24.545409,152.017059
Schools,-27.829988,153.026801
Schools,-27.24863,152.992667
Schools,-22.636168,149.252576
Schools,-27.545953,153.123468
Schools,-27.369143,153.01514
Schools,-19.17499,146.555858
Schools,-27.658074,152.258801
Schools,-27.506387,153.049571
Schools,-19.597981,146.834615
Schools,-27.230342,153.086574
Schools,-24.134138,149.455991
Schools,-24.844233,152.300841
Schools,-27.812667,152.667117
Schools,-25.525252,152.678541
Schools,-18.647356,146.201779
Schools,-17.223308,145.477467
Schools,-27.549865,153.094787
Schools,-24.870882,152.360602
Schools,-26.589638,151.902784
Schools,-16.925085,145.763093
Schools,-28.172123,152.713641
Schools,-27.626226,153.106486
Schools,-26.229307,152.667238
Schools,-16.991617,145.424917
Schools,-21.161163,148.862226
Schools,-27.533849,153.09469
Schools,-28.166037,153.381548
Schools,-28.074373,153.352845
Schools,-25.510919,152.047915
Schools,-26.203516,152.443281
Schools,-23.327816,150.786144
Schools,-27.195062,151.270169
Schools,-26.843489,152.882481
Schools,-24.945509,150.074822
Schools,-21.260228,149.145234
Schools,-26.946139,152.561908
Schools,-28.1245,153.186052
Schools,-26.726617,152.957964
Schools,-26.99878,152.795521
Schools,-27.931617,151.904066
Schools,-27.08049,152.771001
Schools,-27.39731,153.018265
Schools,-27.710812,152.977376
Schools,-27.590541,152.354154
Schools,-26.473408,152.952084
Schools,-26.306551,152.011508
Schools,-24.822378,152.438979
Schools,-27.64143,153.104249
Schools,-27.525609,153.058583
Schools,-23.724013,148.140711
Schools,-27.479123,152.42657
Schools,-23.441088,144.245248
Schools,-23.48907,144.504252
Schools,-19.918087,138.120771
Schools,-27.603784,152.864547
Schools,-26.368637,152.861137
Schools,-27.597696,152.967265
Schools,-17.566671,146.011453
Schools,-27.417827,153.050573
Schools,-21.229918,148.956467
Schools,-20.062074,146.264788
Schools,-27.532532,151.192386
Schools,-23.936398,151.220014
Schools,-27.396481,152.783746
Schools,-28.003163,153.291104
Schools,-26.890251,152.103592
Schools,-23.860171,151.25213
Schools,-27.566621,151.900866
Schools,-21.121711,149.183918
Schools,-24.98733,152.14915
Schools,-28.079382,150.739386
Schools,-16.814588,145.723014
Schools,-16.852773,145.745234
Schools,-24.623021,151.916042
Schools,-17.128243,145.426989
Schools,-23.383376,150.487825
Schools,-28.201006,152.029107
Schools,-17.513104,145.609825
Schools,-27.324795,153.042047
Schools,-21.327491,149.210635
Schools,-28.205836,153.395168
Schools,-26.688804,152.893329
Schools,-20.707895,139.489932
Schools,-20.408847,148.582792
Schools,-26.939417,151.45207
Schools,-27.496293,153.404196
Schools,-28.148544,153.226939
Schools,-22.408292,147.546692
Schools,-17.261279,145.48158
Schools,-17.09027,145.784943
Schools,-24.329414,151.561153
Schools,-19.600678,147.460083
Schools,-19.296493,146.762543
Schools,-27.244637,145.976978
Schools,-28.536597,151.936175
Schools,-20.020574,148.163798
Schools,-17.5229,146.00969
Schools,-17.880625,145.965328
Schools,-25.253741,148.820097
Schools,-27.303779,151.494404
Schools,-25.841793,152.546923
Schools,-23.861382,151.270142
Schools,-27.615516,153.003114
Schools,-23.396024,150.517792
Schools,-20.745132,139.490802
Schools,-27.659831,151.897226
Schools,-17.499483,146.074862
Schools,-27.606253,151.832944
Schools,-27.554545,151.850655
Schools,-26.797078,153.13473
Schools,-26.362943,151.819431
Schools,-17.155522,144.520721
Schools,-20.058436,147.280492
Schools,-18.209454,145.941815
Schools,-27.921683,153.017625
Schools,-17.110283,145.831907
Schools,-26.239715,151.943034
Schools,-19.279922,146.796378
Schools,-27.486409,153.039555
Schools,-26.625494,152.865944
Schools,-24.406962,151.320757
Schools,-26.149642,152.817485
Schools,-27.468787,153.186319
Schools,-26.644829,149.981092
Schools,-26.322155,152.676725
Schools,-27.496624,153.043333
Schools,-21.998321,148.047619
Schools,-24.243826,151.491046
Schools,-26.974111,152.357065
Schools,-23.652434,150.647054
Schools,-19.562731,147.41689
Schools,-24.830575,143.0623
Schools,-18.769014,146.134857
Schools,-27.930414,153.199809
Schools,-26.142399,152.615088
Schools,-27.24673,149.675102
Schools,-23.910218,150.193657
Schools,-23.295438,150.514138
Schools,-27.508478,152.938736
Schools,-28.66101,151.828081
Schools,-27.47459,153.062918
Schools,-16.852454,145.695133
Schools,-24.571896,149.979127
Schools,-24.350474,143.287187
Schools,-26.958305,148.061318
Schools,-25.145565,152.384934
Schools,-23.341863,150.5441
Schools,-27.460534,153.045151
Schools,-17.68053,145.121401
Schools,-25.28763,152.864813
Schools,-26.408877,151.812504
Schools,-19.286591,146.764406
Schools,-25.38385,152.045919
Schools,-26.613632,153.032101
Schools,-27.013163,152.942353
Schools,-28.971085,147.790929
Schools,-17.585007,146.044328
Schools,-27.107474,151.621881
Schools,-27.596866,152.982397
Schools,-24.949819,152.061042
Schools,-20.709434,139.510459
Schools,-25.812096,152.623022
Schools,-26.841066,151.976209
Schools,-27.587897,153.061454
Schools,-27.640932,152.782463
Schools,-27.789704,151.906644
Schools,-27.540207,151.954701
Schools,-26.846246,152.27827
Schools,-20.703361,148.595064
Schools,-23.359524,150.50739
Schools,-26.292954,151.954613
Schools,-17.139679,145.212413
Schools,-26.540655,151.833187
Schools,-16.915955,145.420578
Schools,-28.577,148.229799
Schools,-17.272814,145.58624
Schools,-27.361902,153.024038
Schools,-27.938802,152.983054
Schools,-28.702449,151.908606
Schools,-17.937606,145.922026
Schools,-27.521864,152.357904
Schools,-17.995679,146.000918
Schools,-27.401304,153.003952
Schools,-23.17625,150.459189
Schools,-24.360468,139.471388
Schools,-16.249489,145.32014
Schools,-27.549192,152.981661
Schools,-27.478497,153.075056
Schools,-23.076401,150.737383
Schools,-18.090124,145.850295
Schools,-25.59932,152.261265
Schools,-27.573805,151.569607
Schools,-27.459895,152.972264
Schools,-27.607707,152.93388
Schools,-26.064214,148.603001
Schools,-27.574032,152.202255
Schools,-25.978032,149.802088
Schools,-20.05917,148.88188
Schools,-27.493318,152.460169
Schools,-26.320453,151.882552
Schools,-24.892511,152.293519
Schools,-20.722394,139.491715
Schools,-27.09168,152.37942
Schools,-28.655513,151.87844
Schools,-27.038235,150.757739
Schools,-26.984266,151.832862
Schools,-27.52971,152.407828
Schools,-27.48407,153.092439
Schools,-26.555802,151.838437
Schools,-23.846236,151.125425
Schools,-16.674458,145.335331
Schools,-27.455338,152.489823
Schools,-27.347869,153.039856
Schools,-27.586643,152.976445
Schools,-18.630765,146.07419
Schools,-23.943506,147.525284
Schools,-23.105613,150.408309
Schools,-23.679529,150.707515
Schools,-24.529271,151.385828
Schools,-26.508762,151.024096
Schools,-27.432636,153.073887
Schools,-27.525283,153.072166
Schools,-26.836473,150.779343
Schools,-27.401769,152.961035
Schools,-24.523523,151.745044
Schools,-21.149999,148.712655
Schools,-27.51885,152.943216
Schools,-28.203395,151.566516
Schools,-28.166117,151.879861
Schools,-27.624532,152.737026
Schools,-27.389995,153.038629
Schools,-28.220802,152.014596
Schools,-26.168967,151.600104
Schools,-24.502722,151.930739
Schools,-28.799209,151.841082
Schools,-26.413271,152.911405
Schools,-26.873832,152.586717
Schools,-28.138085,153.477786
Schools,-26.64279,149.756211
Schools,-21.106319,149.101991
Schools,-15.935106,145.341081
Schools,-27.583108,151.978669
Schools,-21.139643,148.639357
Schools,-28.29312,152.118054
Schools,-26.669308,143.268804
Schools,-27.398329,152.985705
Schools,-27.058034,151.431827
Schools,-27.603348,152.621373
Schools,-23.950321,151.356179
Schools,-25.073119,151.99731
Schools,-19.976283,148.227055
Schools,-23.37349,150.496958
Schools,-27.205623,152.961399
Schools,-20.73302,139.508186
Schools,-26.392206,152.793601
Schools,-19.602629,147.360216
Schools,-19.156974,146.851238
Schools,-26.199149,152.646912
Schools,-27.458252,153.181531
Schools,-25.612469,151.890568
Schools,-17.149395,145.113185
Schools,-27.558893,151.935371
Schools,-27.823055,152.615856
Schools,-21.311461,149.004987
Schools,-27.54852,153.263961
Schools,-27.677811,151.703624
Schools,-26.905408,152.94965
Schools,-10.895126,142.385956
Schools,-27.919993,149.719263
Schools,-27.293955,152.989917
Schools,-27.567091,153.038988
Schools,-24.968097,152.014203
Schools,-28.10658,152.916137
Schools,-26.107732,151.846166
Schools,-27.374931,153.046521
Schools,-19.513019,147.10958
Schools,-27.980948,152.543745
Schools,-24.230584,148.410963
Schools,-27.471266,151.815921
Schools,-18.474804,145.884302
Schools,-28.634231,148.867709
Schools,-17.215203,145.546139
Schools,-20.656508,141.746852
Schools,-16.388473,145.376356
Schools,-27.575252,151.933098
Schools,-28.612664,151.954867
Schools,-28.012084,153.420772
Schools,-26.11891,149.961913
Schools,-19.248218,146.6846
Schools,-27.442552,152.944406
Schools,-16.905327,145.86457
Schools,-26.598983,152.725601
Schools,-26.179473,152.06506
Schools,-17.610445,145.489006
Schools,-18.954241,146.286982
Schools,-22.841434,150.646071
Schools,-17.904162,146.092824
Schools,-19.043807,146.391789
Schools,-27.223962,151.889309
Schools,-28.215526,152.859705
Schools,-16.908963,145.694614
Schools,-28.574084,150.753808
Schools,-24.907491,152.476004
Schools,-27.659662,153.111344
Schools,-26.729244,152.718469
Schools,-21.133759,148.492069
Schools,-27.279996,150.458863
Schools,-27.392272,152.500264
Schools,-27.341005,150.199227
Schools,-18.868103,146.188886
Schools,-26.048338,152.396403
Schools,-19.654492,147.417789
Schools,-28.035592,153.434684
Schools,-17.40245,145.910117
Schools,-28.06769,152.242559
Schools,-26.760579,152.855392
Schools,-19.878975,147.6855
Schools,-25.00903,151.998937
Schools,-17.348975,145.59456
Schools,-25.516221,151.456057
Schools,-17.197295,145.89608
Schools,-26.224413,151.846221
Schools,-12.626479,141.879926
Schools,-20.870152,148.731843
Schools,-23.786784,150.921995
Schools,-24.963146,151.134413
Schools,-25.585416,151.293931
Schools,-26.693478,151.651915
Schools,-27.970304,153.198425
Schools,-17.360956,145.692345
Schools,-19.262204,146.775385
Schools,-26.891787,151.79522
Schools,-21.155267,148.740875
Schools,-27.607371,153.096524
Schools,-27.417388,153.037296
Schools,-25.655013,151.25529
Schools,-17.346479,145.912166
Schools,-25.588105,152.669089
Schools,-27.461816,153.101279
Schools,-27.186014,151.700068
Schools,-27.324212,149.882491
Schools,-17.634571,146.028274
Schools,-27.468188,153.083219
Schools,-26.387303,152.680882
Schools,-20.920957,148.96306
Schools,-13.945588,143.199768
Schools,-24.350812,151.29973
Schools,-27.428715,153.015009
Schools,-27.411033,152.567601
Schools,-27.651525,153.38195
Schools,-23.249841,150.280487
Schools,-27.467193,152.985301
Schools,-19.518756,147.41759
Schools,-27.478371,152.868851
Schools,-28.42751,149.654456
Schools,-24.333793,150.53829
Schools,-27.583771,153.296243
Schools,-26.054552,151.008357
Schools,-27.517796,152.978564
Schools,-17.593316,145.999718
Schools,-27.57053,152.953709
Schools,-16.924071,145.742334
Schools,-17.736553,146.001015
Schools,-19.274536,146.816033
Schools,-18.146492,144.320214
Schools,-26.262595,152.871678
Schools,-25.290934,152.901988
Schools,-27.412529,152.969796
Schools,-25.209936,152.032553
Schools,-27.492371,153.215804
Schools,-23.365846,150.529858
Schools,-26.25718,150.043826
Schools,-20.899203,148.77029
Schools,-27.493559,153.102204
Schools,-26.963161,151.215991
Schools,-27.215171,153.110038
Schools,-27.612132,152.748437
Schools,-28.087605,153.448878
Schools,-26.535406,153.078039
Schools,-21.085942,149.186561
Schools,-24.898075,152.363972
Schools,-27.967808,144.631037
Schools,-22.811606,149.895151
Schools,-28.041004,153.376418
Schools,-19.315402,146.802273
Schools,-27.586143,152.97958
Schools,-27.513358,153.062016
Schools,-26.614718,144.271602
Schools,-21.472275,149.144945
Schools,-26.956752,152.957333
Schools,-27.347972,153.059665
Schools,-24.181038,149.809072
Schools,-27.491516,153.151924
Schools,-16.341984,145.413002
Schools,-28.487411,149.470381
Schools,-25.949998,152.602903
Schools,-27.323768,153.080814
Schools,-28.59481,151.812343
Schools,-28.17194,153.529082
Schools,-26.885112,152.142058
Schools,-27.413665,153.063372
Schools,-24.724664,152.112119
Schools,-26.68792,153.103283
Schools,-27.535843,153.023691
Schools,-27.580754,153.125375
Schools,-27.246573,153.108783
Schools,-25.585416,151.293931
Schools,-27.667894,153.053933
Schools,-27.523968,153.215116
Schools,-27.897484,153.32662
Schools,-23.513504,148.158367
Schools,-21.115555,149.173625
Schools,-20.061246,146.272748
Schools,-24.421857,150.429364
Schools,-24.173164,150.375234
Schools,-17.534776,146.032501
Schools,-27.55471,151.697581
Schools,-27.66793,153.110275
Schools,-26.392557,151.244376
Schools,-27.538499,152.939956
Schools,-27.294188,153.051343
Schools,-21.694428,139.511902
Schools,-21.093001,149.17124
Schools,-17.654209,145.955526
Schools,-27.625799,152.958417
Schools,-27.383548,153.061534
Schools,-27.623646,152.395629
Schools,-27.05846,152.952785
Schools,-27.959634,153.393324
Schools,-25.898519,139.352239
Schools,-16.938338,145.744983
Schools,-27.553522,153.032305
Schools,-20.547766,147.845074
Schools,-27.055475,152.939291
Schools,-27.626757,153.042887
Schools,-28.524825,151.88407
Schools,-26.028448,152.777057
Schools,-26.653027,153.084137
Schools,-26.500336,153.072306
Schools,-28.579377,151.954787
Schools,-26.346475,152.673249
Schools,-17.015545,145.722845
Schools,-26.698467,152.999726
Schools,-25.846801,148.564675
Schools,-27.040686,152.861731
Schools,-27.17353,152.93297
Schools,-27.624204,152.971867
Schools,-17.444639,145.884979
Schools,-27.440378,152.543746
Schools,-26.773804,153.102817
Schools,-27.851796,151.906126
Schools,-24.709429,152.255077
Schools,-27.773711,153.244247
Schools,-27.939685,153.319763
Schools,-27.94318,153.320195
Schools,-25.289471,152.80447
Schools,-27.534961,151.911294
Schools,-27.919551,153.305518
Schools,-27.199987,153.01666
Schools,-25.300176,152.875652
Schools,-21.609772,138.316309
Schools,-17.807793,146.002822
Schools,-28.078458,153.41202
Schools,-27.454803,153.154046
Schools,-17.265394,145.925496
Schools,-18.71214,146.14758
Schools,-21.201543,149.149059
Schools,-21.607314,149.243035
Schools,-27.53086,151.936197
Schools,-27.642672,152.750874
Schools,-27.563616,153.261289
Schools,-27.796349,153.261681
Schools,-27.464252,153.066369
Schools,-21.91315,149.40506
Schools,-16.608069,145.341513
Schools,-16.880471,145.714293
Schools,-26.678266,153.114317
Schools,-24.398449,150.516631
Schools,-24.868095,151.117912
Schools,-24.876106,152.333739
Schools,-24.14339,150.286329
Schools,-24.491079,150.572073
Schools,-27.524944,153.046972
Schools,-27.337112,150.061753
Schools,-27.656562,152.907792
Schools,-21.073927,149.214953
Schools,-27.492803,153.079048
Schools,-21.148058,149.19402
Schools,-27.690249,153.132237
Schools,-27.220993,153.078773
Schools,-27.660842,153.10977
Schools,-19.272659,146.810535
Schools,-19.29912,146.732887
Schools,-27.317194,153.025234
Schools,-27.39258,152.934739
Schools,-27.603608,152.846753
Schools,-27.614899,153.031331
Schools,-27.652201,153.0977
Schools,-26.777164,153.135527
Schools,-27.618191,153.130877
Schools,-19.364483,146.728997
Schools,-27.989287,153.381065
Schools,-27.499581,152.944887
Schools,-26.632065,152.948046
Schools,-27.684555,153.103736
Schools,-27.703845,153.213196
Schools,-27.262686,153.008217
Schools,-27.628213,152.875605
Schools,-21.114506,149.168357
Schools,-27.181226,153.016153
Schools,-27.586389,153.085214
Schools,-27.590679,153.129655
Schools,-27.436248,152.936225
Schools,-26.701919,153.132729
Schools,-27.594751,153.056682
Schools,-28.059792,153.426226
Schools,-23.566191,148.886345
Schools,-27.360387,152.973081
Schools,-16.794772,145.689705
Schools,-18.711688,146.294413
Schools,-21.905456,148.364076
Schools,-27.565309,153.05613
Schools,-27.596472,151.931732
Schools,-24.882095,152.31333
Schools,-16.95951,145.741202
Schools,-27.077285,152.960225
Schools,-23.513156,148.164718
Schools,-22.810802,148.701228
Schools,-27.726062,153.204939
Schools,-19.30876,146.753527
Schools,-22.004683,148.062996
Schools,-27.893532,153.388392
Schools,-27.306111,152.969502
Schools,-23.878724,151.252494
Schools,-23.358187,150.545876
Schools,-27.506299,153.212683
Schools,-27.660457,153.18746
Schools,-26.400945,153.100748
Schools,-21.353918,148.115997
Schools,-22.987929,147.081452
Schools,-26.814195,153.116634
Schools,-23.951007,151.364429
Schools,-27.667894,153.053933
Schools,-28.130582,153.467021
Schools,-27.628823,153.137676
Schools,-27.995415,153.396096
Schools,-23.030752,148.344378
Schools,-27.546458,153.204037
Schools,-27.688645,153.090225
Schools,-27.91587,153.328135
Schools,-27.559224,152.023811
Schools,-28.190265,153.26494
Schools,-27.52771,153.230348
Schools,-27.647185,153.17707
Schools,-27.561845,152.825411
Schools,-21.031209,149.157474
Schools,-10.15686,142.163096
Schools,-9.231838,142.219025
Schools,-9.955137,142.189574
Schools,-9.916643,144.057991
Schools,-9.595258,143.760259
Schools,-9.74998,143.416534
Schools,-9.379066,142.622593
Schools,-9.899671,142.769658
Schools,-10.206157,142.827527
Schools,-10.233244,142.219225
Schools,-9.411309,142.537779
Schools,-10.050526,143.064468
Schools,-9.507496,143.547222
Schools,-10.187759,142.334094
Schools,-27.676143,153.049458
Schools,-25.907043,153.079096
Schools,-27.614654,152.863015
Schools,-21.110197,149.151088
Schools,-27.254988,152.96903
Schools,-27.618887,153.359437
Schools,-19.38842,146.726477
Schools,-27.131104,153.046045
Schools,-20.345304,148.952676
Schools,-16.214951,145.422936
Schools,-27.675694,153.089979
Schools,-28.085283,153.430329
Schools,-26.659811,153.05776
Schools,-27.559618,152.917525
Schools,-27.899627,153.303554
Schools,-23.448456,150.452238
Schools,-28.013751,153.334142
Schools,-26.565995,148.777888
Schools,-27.69246,153.214485
Schools,-18.818728,145.795444
Schools,-15.762572,145.269038
Schools,-16.987184,145.743426
Schools,-16.524548,145.461264
Schools,-16.911729,145.728904
Schools,-27.684716,153.017723
Schools,-28.07106,153.399157
Schools,-24.214823,151.911039
Schools,-27.116424,152.966859
Schools,-27.541778,153.230951
Schools,-25.297303,152.849793
Schools,-27.2378,152.986638
Schools,-27.046229,153.148249
Schools,-27.732465,153.196091
Schools,-26.61415,153.080493
Schools,-23.154589,150.754559
Schools,-28.022475,153.342087
Schools,-27.069929,152.932523
Schools,-10.593795,142.251558
Schools,-27.682037,153.034825
Schools,-27.944717,153.365253
Schools,-27.613315,152.95905
Schools,-26.691266,153.103379
Schools,-16.46374,145.374379
Schools,-27.48161,153.01825
Schools,-24.877583,152.349882
Schools,-16.916444,145.768063
Schools,-20.079807,146.259216
Schools,-26.187969,152.67871
Schools,-19.576578,147.408444
Schools,-21.152171,149.176769
Schools,-23.643959,150.387192
Schools,-23.369247,150.499487
Schools,-27.545803,151.964926
Schools,-28.210319,152.03336
Schools,-25.515253,152.687918
Schools,-24.848983,152.339453
Schools,-25.534855,152.697454
Schools,-27.454402,153.176373
Schools,-27.38327,153.016687
Schools,-27.51351,152.97746
Schools,-27.516795,153.072622
Schools,-23.553307,145.286949
Schools,-18.654111,146.169618
Schools,-23.336182,150.516613
Schools,-23.851584,151.251251
Schools,-26.623212,152.962727
Schools,-27.178162,151.259169
Schools,-27.500843,152.984287
Schools,-27.962338,153.401434
Schools,-27.574579,151.932442
Schools,-27.414232,153.039431
Schools,-27.411556,152.965741
Schools,-23.352114,150.531959
Schools,-27.456263,153.072871
Schools,-26.542701,151.832172
Schools,-27.223118,153.111256
Schools,-27.984956,153.399596
Schools,-27.32924,153.054737
Schools,-27.398644,153.03747
Schools,-19.288535,146.783801
Schools,-27.633669,152.754858
Schools,-17.259697,145.488086
Schools,-26.236986,151.944594
Schools,-27.445209,152.949885
Schools,-27.517168,153.023284
Schools,-27.544657,152.986468
Schools,-27.535488,153.073733
Schools,-16.923373,145.75163
Schools,-16.995435,145.416572
Schools,-27.545115,153.106102
Schools,-27.407675,152.997093
Schools,-27.566884,152.277481
Schools,-25.233413,152.274126
Schools,-28.645309,151.931207
Schools,-19.99918,148.23501
Schools,-27.084214,152.963189
Schools,-17.357496,145.593085
Schools,-26.396086,146.258182
Schools,-27.590377,152.745461
Schools,-27.530126,153.260332
Schools,-27.544602,153.097429
Schools,-24.875888,152.37763
Schools,-27.280055,150.458084
Schools,-27.357017,153.024677
Schools,-27.486125,153.053695
Schools,-27.413442,153.063369
Schools,-27.575984,153.059533
Schools,-27.586143,152.97958
Schools,-27.970777,152.997209
Schools,-27.715022,153.204024
Schools,-24.398574,150.517874
Schools,-28.06303,153.438152
Schools,-26.748913,150.619966
Schools,-26.424526,152.910211
Schools,-25.633372,151.60798
Schools,-20.406236,148.581748
Schools,-27.248016,153.085901
Schools,-28.537331,150.297432
Schools,-25.281961,152.832531
Schools,-19.667477,147.423075
Schools,-24.875888,152.37763
Schools,-21.115553,149.173624
Schools,-26.654402,153.074915
Schools,-24.870247,151.118736
Schools,-27.444742,151.718903
Schools,-19.272659,146.810535
Schools,-21.420391,149.213682
Schools,-27.296393,152.989241
Schools,-17.940171,145.930467
Schools,-27.462054,153.15057
Schools,-27.995096,152.689405
Schools,-17.088936,145.778581
Schools,-27.200218,153.030508
Schools,-26.409391,153.100707
Schools,-26.863409,152.954503
Schools,-25.296532,152.876348
Schools,-27.933398,151.916418
Schools,-23.437851,144.262212
Schools,-10.577697,142.21383
Schools,-26.794226,153.125602
Schools,-21.157833,148.862056
Schools,-27.308131,153.043039
Schools,-27.709629,151.64604
Schools,-19.286937,146.7548
Schools,-27.579512,151.963957
Schools,-23.513504,148.158367
Schools,-23.134711,150.734265
Schools,-27.565935,153.07681
Schools,-27.530802,153.058948
Schools,-27.411242,152.965619
Schools,-27.643122,153.099384
Schools,-28.130861,153.474928
Schools,-27.614676,152.813248
Schools,-24.989882,151.969501
Schools,-27.508335,152.929433
Schools,-26.940322,152.567478
Schools,-23.57238,148.88352
Schools,-21.998828,148.061361
Schools,-24.575045,149.981897
Schools,-26.176279,152.656667
Schools,-27.665413,153.111419
Schools,-27.611913,153.137144
Schools,-27.229117,152.980449
Schools,-28.030794,148.593854
Schools,-26.653457,150.185021
Schools,-26.63001,152.946833
Schools,-19.308947,146.733517
Schools,-28.039861,153.41761
Schools,-27.406019,152.933506
Schools,-27.662244,153.18658
Schools,-28.00555,153.388503
Schools,-27.636144,152.585749
Schools,-23.874273,151.271142
Schools,-27.673617,153.143074
Schools,-27.108912,152.953631
Schools,-27.357291,152.968797
Schools,-22.584605,148.355441
Schools,-26.66742,151.993257
Schools,-27.585844,153.111456
Schools,-16.812255,145.696609
Schools,-27.467335,152.582381
Schools,-27.639439,153.128555
Schools,-16.960632,145.74213
Schools,-27.636472,152.404518
Schools,-27.670196,153.054427
Schools,-26.501656,153.085037
Schools,-27.924014,153.378384
Schools,-27.593524,153.077637
Schools,-21.09565,149.180445
Schools,-28.001008,153.328207
Schools,-20.547876,147.83437
Schools,-19.33662,146.718866
Schools,-27.299908,152.96226
Schools,-27.653152,152.869242
Schools,-27.523968,153.215116
Schools,-27.684803,153.111142
Schools,-26.765606,152.857306
Schools,-27.491115,153.229051
Schools,-27.103182,152.388639
Schools,-27.082819,153.16652
Schools,-23.087761,148.030422
Schools,-28.128934,153.44962
Schools,-27.897549,153.3266
Schools,-22.827902,147.63911
Schools,-19.314236,146.800324
Schools,-27.700705,153.034038
Schools,-27.070469,152.929094
Schools,-27.740317,153.190118
Schools,-26.68792,153.103283
Schools,-27.653205,152.869274
Schools,-27.970777,152.997209
Schools,-27.082819,153.16652
Schools,-27.070469,152.929094
Schools,-23.369251,150.499451
Schools,-26.542701,151.832172
Schools,-16.995435,145.416572
Schools,-27.594751,153.056683
Schools,-26.199168,152.646914
Schools,-27.403128,152.929301
Schools,-27.374931,153.046521
Schools,-27.647908,152.851476
Schools,-27.621789,152.915277
Schools,-27.640294,153.127988
Schools,-27.200059,153.016793
Schools,-23.391708,150.503742
Schools,-28.037973,148.58073
Schools,-27.659227,152.921063
Schools,-27.567724,152.41719
Schools,-27.72082,153.084099
Schools,-27.578034,153.055298
Schools,-27.680711,153.235437
Schools,-17.009392,145.741063
Schools,-26.17376,152.662167
Schools,-26.409139,153.029231
Schools,-10.579583,142.222306
Schools,-28.220802,152.014596
Schools,-27.625799,152.958408
Schools,-26.413271,152.911405
Schools,-27.619008,152.783522
Schools,-23.88015,151.222573
Schools,-27.624204,152.971867
Schools,-19.33662,146.718866
Schools,-27.538499,152.939956
Schools,-23.352144,150.53197
Schools,-26.622759,152.961916
Schools,-27.670196,153.054427
Schools,-27.223149,153.111257
Schools,-23.851584,151.251251
Schools,-26.861627,152.95187
Schools,-27.5522,153.05776
Schools,-27.927773,153.316018
Schools,-27.932839,153.190335
Schools,-16.90472,145.699081
Schools,-27.715022,153.204024
Schools,-26.714305,153.069428
Schools,-27.643122,153.099384
Schools,-27.615489,152.766497
Schools,-27.2378,152.986638
Schools,-16.921363,145.750204
Schools,-27.535397,153.193835
Schools,-23.552839,148.170931
Schools,-26.353145,152.862993
Schools,-27.592473,152.914984
Schools,-27.565935,153.07681
Schools,-27.700696,153.034033
Schools,-27.58794,153.061442
Schools,-26.187969,152.67871
Schools,-25.925181,152.994883
Schools,-27.959634,153.393324
Schools,-27.962385,153.40144
Schools,-28.001101,153.328239
Schools,-25.523372,152.693923
Schools,-27.995096,152.689405
Schools,-27.829988,153.026801
Schools,-27.639464,153.128556
Schools,-27.684803,153.111142
Schools,-27.643122,153.099384
Schools,-27.299908,152.96226
Schools,-27.110714,152.924208
Schools,-27.533849,153.09469
Schools,-26.814219,153.116646
Schools,-26.535406,153.078039
Schools,-27.398329,152.985705
Schools,-27.450783,153.00055
Schools,-19.30876,146.753527
Schools,-27.574579,151.932442
Schools,-27.103182,152.388639
Schools,-19.579138,147.400398
Schools,-25.515253,152.687918
Schools,-27.632345,152.754683
Schools,-27.807107,152.956215
Schools,-27.238208,153.024961
Schools,-27.714027,153.035289
Schools,-26.757112,153.106721
Schools,-27.256655,153.014828
Schools,-27.462066,153.150571
Schools,-27.623545,152.3957
Schools,-27.870397,153.296263
Schools,-28.091886,153.376186
Schools,-27.495429,153.035426
Schools,-27.834339,153.037683
Schools,-26.716315,153.057849
Schools,-27.534334,151.954743
Schools,-27.474418,153.002442
Schools,-19.303735,146.777368
Schools,-24.88543,152.359792
Schools,-16.923373,145.75163
Schools,-27.625131,153.043035
Schools,-27.676096,153.04944
Schools,-27.586643,152.976445
Schools,-27.462239,151.956818
Schools,-27.439283,151.720723
Schools,-26.1996,152.675328
Schools,-27.401769,152.961035
Schools,-27.726098,153.204937
Schools,-27.606526,152.893868
Schools,-27.628213,152.875605
Schools,-27.688645,153.090225
Schools,-27.695536,153.145257
Schools,-19.99918,148.23501
Schools,-26.794226,153.125602
Schools,-26.654402,153.074915
Schools,-27.215295,153.109998
Schools,-27.181391,152.949329
Schools,-26.409131,153.100661
Schools,-27.590377,152.745461
Schools,-27.588666,152.747584
Schools,-27.450476,153.011468
Schools,-27.499565,153.083909
Schools,-26.479463,153.06863
Schools,-25.314695,152.797134
Schools,-27.793107,153.266626
Schools,-16.811493,145.587633
Schools,-27.485701,153.142172
Schools,-24.769702,152.279077
Schools,-25.496303,152.709937
Schools,-26.621346,152.934349
Schools,-27.598252,151.956264
Schools,-28.198889,152.040956
Schools,-27.414232,153.039431
Schools,-27.979984,153.362978
Schools,-27.98439,153.371551
Schools,-10.549432,142.210369
Schools,-23.347934,150.523416
Schools,-27.61233,152.88785
Schools,-20.074633,146.262689
Schools,-27.459321,153.177215
Schools,-26.49546,153.076569
Schools,-19.316071,146.794057
Schools,-27.67846,153.240434
Schools,-27.393361,153.007764
Schools,-28.221222,152.0313
Schools,-16.788838,145.682879
Schools,-27.219521,153.067798
Schools,-27.250157,153.09829
Schools,-25.286168,152.805176
Schools,-27.612299,152.960668
Schools,-27.451246,151.942849
Schools,-26.406163,153.032011
Schools,-27.617883,153.028974
Schools,-27.658092,152.888679
Schools,-27.642188,153.102554
Schools,-23.851974,151.247499
Schools,-19.578716,147.408129
Schools,-20.724233,139.512505
Schools,-27.412818,152.975804
Schools,-26.187639,152.680913
Schools,-27.223336,153.113194
Schools,-23.382927,150.511299
Schools,-27.282748,152.984283
Schools,-27.545953,153.123468
Schools,-27.586944,152.978119
Schools,-27.619605,152.751487
Schools,-25.517707,152.695665
Schools,-27.614053,152.766836
Schools,-27.447761,153.186914
Schools,-27.961213,153.394826
Schools,-24.887018,152.337851
Schools,-27.35648,153.021317
Schools,-27.548054,151.940774
Schools,-27.548258,153.259639
Schools,-27.615582,152.893598
Schools,-27.527336,153.00298
Schools,-23.34963,150.536453
Schools,-26.633081,152.946182
Schools,-27.606494,153.091281
Schools,-27.255946,153.100276
Schools,-28.151979,153.472546
Schools,-27.096817,152.943393
Schools,-17.518003,146.035752
Schools,-28.077897,153.363585
Schools,-27.72428,153.200722
Schools,-26.777987,153.135704
Schools,-27.629875,153.045101
Schools,-27.599474,152.913353
Schools,-25.297268,152.852784
Schools,-27.628762,152.787552
Schools,-27.378886,153.050738
Schools,-27.572111,153.048727
Schools,-21.094848,149.170426
Schools,-27.534281,153.06422
Schools,-27.450762,153.00055
Schools,-27.563372,151.924698
Schools,-27.542903,152.942538
Schools,-27.449315,153.025819
Schools,-27.484495,153.0272
Schools,-27.495922,153.045044
Schools,-19.249668,146.784385
Schools,-26.622773,152.962925
Schools,-19.309055,146.733606
Schools,-27.593584,153.07762
Schools,-16.916444,145.768063
Schools,-16.960882,145.742146
Schools,-27.614676,152.813248
Schools,-16.812286,145.696631
Schools,-28.210689,152.03324
Schools,-26.424526,152.910211
Schools,-28.06303,153.438152
Schools,-27.178162,151.259169
Schools,-27.544657,152.986468
Schools,-19.286937,146.7548
Schools,-27.517168,153.023284
Schools,-27.414232,153.039431
Schools,-27.579583,151.963976
Schools,-27.516795,153.072622
Schools,-23.336122,150.516635
Schools,-27.565944,153.07681
Schools,-27.494847,153.061382
Schools,-27.575892,153.059542
Schools,-27.984997,153.399596
Schools,-17.259592,145.486529
Schools,-19.267767,146.803975
Schools,-28.087605,153.448878
Schools,-27.69246,153.214485
Schools,-27.690249,153.132237
Schools,-16.910042,145.696364
Schools,-27.077285,152.960225
Schools,-27.2378,152.986638
Schools,-27.613315,152.95905
Schools,-27.220993,153.078773
Schools,-27.262686,153.008217
Schools,-27.868514,153.315691
Schools,-19.362919,146.719809
Schools,-27.682008,153.034799
Schools,-27.944717,153.365253
Schools,-28.022806,153.34202
Schools,-23.154729,150.754264
Schools,-26.621402,152.964588
Schools,-27.530166,152.934807
Schools,-27.577806,151.964086
Schools,-26.855853,152.93987
Schools,-27.684716,153.017723
Schools,-19.286637,146.764488
Schools,-27.52263,153.019504
Schools,-27.495922,153.045044
Schools,-28.087632,153.448863
Schools,-27.255946,153.100276
Schools,-24.886842,152.336254
Schools,-27.282748,152.984283
Schools,-27.583833,151.981649
Schools,-27.640146,153.102534
Schools,-26.540655,151.833187
Schools,-27.077285,152.960225
Schools,-16.925465,145.763106
Schools,-27.579403,153.01462
Schools,-27.534281,153.06422
Schools,-27.959634,153.393324
Schools,-27.54806,153.259676
Schools,-23.359524,150.50739
Schools,-20.708863,139.490739
Schools,-21.122357,149.182705
Schools,-21.998321,148.047619
Schools,-24.571978,149.979229
Schools,-26.67205,152.005045
Schools,-20.408836,148.582803
Schools,-27.652201,153.0977
Schools,-21.42222,149.217649
Schools,-27.596478,151.931757
Schools,-27.533515,153.07227
Schools,-27.618235,153.130877
Schools,-27.586485,153.085207
Schools,-17.261279,145.48158
Schools,-27.987966,153.003699
Schools,-24.398449,150.516631
Schools,-20.079896,146.263415
Schools,-27.184957,151.262294
Schools,-26.540655,151.833187
Schools,-16.991617,145.424917
Schools,-28.214634,152.038498
Schools,-28.130582,153.467021
Schools,-20.010986,148.244994
Schools,-27.559812,152.278538
Schools,-23.440856,144.244443
Schools,-27.684555,153.103736
Schools,-27.492339,153.215759
Schools,-28.649889,151.933951
Schools,-27.579403,153.01462
Schools,-27.397336,153.018251
Schools,-27.54852,153.263961
Schools,-25.279469,152.833251
Schools,-27.535712,153.1906
Schools,-27.459964,153.00977
Schools,-27.659662,153.111344
Schools,-27.508478,152.938736
Schools,-27.410938,153.017437
Schools,-28.059792,153.426226
Schools,-23.513156,148.164718
Schools,-27.293318,152.975039
Schools,-23.566191,148.886345
Schools,-26.239598,151.943065
Schools,-26.701919,153.132729
Schools,-23.358273,150.545862
Schools,-22.8368,147.632798
Schools,-23.125095,150.73754
Schools,-26.659811,153.05776
Schools,-27.97048,153.400094
Schools,-26.740669,150.626385
Schools,-27.554507,152.929351
Schools,-27.732329,153.195713
Schools,-27.54262,151.922229
Schools,-19.29912,146.732887
Schools,-24.876106,152.333739
Schools,-28.543435,150.307635
Schools,-16.924071,145.742334
Schools,-27.621414,152.769039
Schools,-23.337163,150.514016
Schools,-26.390036,153.032394
Schools,-19.286637,146.764488
Schools,-24.886842,152.336254
Schools,-27.541924,153.230396
Schools,-27.361902,153.024038
Schools,-27.265181,152.051149
Schools,-27.195045,151.270176
Schools,-27.464452,152.581827
Schools,-27.571782,153.067016
Schools,-27.64143,153.104249
Schools,-27.181226,153.016153
Schools,-21.110197,149.151088
Schools,-20.709434,139.510459
Schools,-16.795718,145.689808
Schools,-26.961165,152.780562
Schools,-16.95951,145.741202
Schools,-27.942798,153.403025
Schools,-26.632065,152.948046
Schools,-19.293138,146.749898
Schools,-25.297303,152.849793
Schools,-27.116434,152.966867
Schools,-16.924991,145.763334
Schools,-27.595624,151.969013
Schools,-27.046229,153.148249
Schools,-28.012084,153.420772
Schools,-23.37349,150.496958
Schools,-16.911729,145.728904
Schools,-28.013694,153.33412
Schools,-21.153589,149.162266
Schools,-28.175117,152.653392
Schools,-27.010965,152.55279
Schools,-27.782408,153.335171
Schools,-27.424766,151.945733
Schools,-27.432128,153.003983
Schools,-28.099028,153.460481
Schools,-27.373268,152.970507
Schools,-28.109563,153.243041
Schools,-26.67227,152.514109
Schools,-23.95699,151.349995
Schools,-26.34179,152.328636
Schools,-26.671567,150.340186
Schools,-27.525969,152.888699
Schools,-27.441097,153.163426
Schools,-19.00802,146.20733
Schools,-27.537872,151.925566
Schools,-23.078685,150.88944
Schools,-23.660439,148.093083
Schools,-21.215351,148.904372
Schools,-26.606734,153.049612
Schools,-17.486626,146.005041
Schools,-16.829109,145.734467
Schools,-17.182107,145.552937
Schools,-27.347588,153.104125
Schools,-25.517707,152.695665
Schools,-16.923496,145.750802
Schools,-26.395471,146.258356
Schools,-20.721334,139.509786
Schools,-27.486125,153.053695
Schools,-20.089385,146.268256
Schools,-23.441998,144.282684
Schools,-23.532677,148.152306
Schools,-23.33697,150.515202
Schools,-27.486125,153.053695
Schools,-19.286937,146.7548
Schools,-27.665486,153.11148
Schools,-27.694569,153.212609
Schools,-27.469833,153.084509
Schools,-27.265714,152.977489
Schools,-27.519662,152.97751
Schools,-27.634681,153.147303
Schools,-27.445834,153.175925
Schools,-27.424131,153.040024
Schools,-27.500113,152.979951
Schools,-27.431832,153.032348
Schools,-27.464993,153.045798
Schools,-27.294014,152.970508
Schools,-27.629058,152.738938
Schools,-27.516593,153.030209
Schools,-27.449204,152.973639
Schools,-27.42112,153.066735
Schools,-27.414353,152.97488
Schools,-27.579303,153.024457
Schools,-27.581197,153.061984
Schools,-27.502793,153.06253
Schools,-27.393558,153.040481
Schools,-27.416856,152.991315
Schools,-27.510654,152.937442
Schools,-27.568064,152.952331
Schools,-27.266414,152.979229
Schools,-27.404474,153.00803
Schools,-27.61583,152.793048
Schools,-27.317432,153.067168
Schools,-27.42591,153.054659
Schools,-27.532193,153.07207
Schools,-27.440445,153.005746
Schools,-27.407278,153.026852
Schools,-27.553839,153.079418
Schools,-27.537741,153.019153
Schools,-27.550763,153.09125
Schools,-27.429022,153.018329
Schools,-27.66976,153.034183
Schools,-27.366032,153.033059
Schools,-27.521393,153.043619
Schools,-27.445921,152.994278
Schools,-27.349992,153.036579
Schools,-27.611049,152.899108
Schools,-16.968004,145.740667
Schools,-27.485844,152.986691
Schools,-27.494453,153.022879
Schools,-27.499371,153.052368
Schools,-27.520499,153.058768
Schools,-27.457662,153.184706
Schools,-27.458924,152.979779
Schools,-27.537982,152.98278
Schools,-27.482553,153.03305
Schools,-27.591085,152.757486
Schools,-27.507299,152.967059
Schools,-27.403933,153.056839
Schools,-27.711727,153.199966
Schools,-27.325084,153.034487
Schools,-27.373742,153.047349
Schools,-27.293902,153.055258
Schools,-27.593918,152.969168
Schools,-27.491525,153.089739
Schools,-27.611028,152.756114
Schools,-27.635573,153.110689
Schools,-27.439217,152.945593
Schools,-27.080785,152.951888
Schools,-27.459201,153.064288
Schools,-27.592768,153.122137
Schools,-27.371065,153.080442
Schools,-27.557623,153.037349
Schools,-27.513513,153.010862
Schools,-27.487143,153.072468
Schools,-27.667427,153.189315
Schools,-27.408254,152.962489
Schools,-27.180024,153.020668
Schools,-27.520932,153.216776
Schools,-27.409334,152.92611
Schools,-27.999945,152.686326
Schools,-27.972842,153.38423
Schools,-28.100701,153.428268
Schools,-27.558189,152.271795
Schools,-28.15021,153.459342
Schools,-27.640958,152.594865
Schools,-27.909405,153.401855
Schools,-25.236284,152.281127
Schools,-25.623492,151.606234
Schools,-26.239184,151.946482
Schools,-26.638217,152.945065
Schools,-27.990825,152.992127
Schools,-27.635056,152.391405
Schools,-25.533833,152.703323
Schools,-26.192509,152.66532
Schools,-26.672333,151.996265
Schools,-25.306533,152.87395
Schools,-28.035406,153.402759
Schools,-28.004554,153.390594
Schools,-26.797363,153.143359
Schools,-26.653684,153.071705
Schools,-19.277092,146.781623
Schools,-17.01845,145.420141
Schools,-27.550734,151.945649
Schools,-20.734808,139.487328
Schools,-20.721383,139.511562
Schools,-20.73481,139.487333
Schools,-27.558895,151.973282
Schools,-20.737145,139.50547
Schools,-27.557151,151.933005
Schools,-28.073459,145.683455
Schools,-27.539235,151.931405
Schools,-27.573191,151.935535
Schools,-27.344125,152.96454
Schools,-27.518299,153.220994
Schools,-27.691588,153.082712
Schools,-26.616747,144.269921
Schools,-27.92846,151.904579
Schools,-26.74335,150.626671
Schools,-27.491734,153.229359
Schools,-27.872623,151.271647
Schools,-27.27538,150.460355
Schools,-27.575947,153.059533
Schools,-23.513156,148.164718
Schools,-28.413645,151.080537
Schools,-28.5446,150.306391
Schools,-25.64505,149.796996
Schools,-28.218515,152.031763
Schools,-27.379095,153.081433
Schools,-27.44094,151.718851
Schools,-26.403717,146.243214
Schools,-28.03542,151.977469
Schools,-28.035262,148.586288
Schools,-26.484626,147.973905
Schools,-27.570939,151.952919
Schools,-27.718903,151.636811
Schools,-27.58017,151.961959
Schools,-27.170236,151.269367
Schools,-24.117427,148.092562
Schools,-23.158787,150.766015
Schools,-23.848071,151.258606
Schools,-21.424666,149.215164
Schools,-23.341273,150.527693
Schools,-21.150305,149.160428
Schools,-21.161624,149.066905
Schools,-23.874732,151.218198
Schools,-23.55606,145.286791
Schools,-24.397215,150.515418
Schools,-24.42004,145.459587
Schools,-24.868108,152.34988
Schools,-22.821881,147.639088
Schools,-21.122554,149.186992
Schools,-23.357864,150.510329
Schools,-23.373071,150.493849
Schools,-24.893382,152.369842
Schools,-23.364861,150.527858
Schools,-21.153833,149.184343
Schools,-23.523393,148.162533
Schools,-25.282032,152.832522
Schools,-24.876734,152.339964
Schools,-23.398821,150.501049
Schools,-24.866607,151.120854
Schools,-27.398644,153.03747
Schools,-19.243043,146.653405
Schools,-27.930352,153.199735
Schools,-27.659227,152.921063
Schools,-20.715272,139.506596
Schools,-25.535521,152.699914
Schools,-27.807296,152.957477
Schools,-27.662304,153.18657
Schools,-19.302056,146.755404
Schools,-27.660623,153.187462
Schools,-18.653635,146.159464
Schools,-26.74096,153.126839
Schools,-20.40385,148.585665
Schools,-19.659367,147.415756
Schools,-26.653027,153.084137
Schools,-20.845873,144.2021
Schools,-19.569856,147.400665
Schools,-26.691266,153.103379
Schools,-20.554136,147.845066
Schools,-20.70128,140.505898
Schools,-19.293554,146.791907
Schools,-20.744578,139.491071
Schools,-19.253012,146.817783
Schools,-26.772424,153.11768
Schools,-20.011619,148.242303
Schools,-27.502752,153.115276
Schools,-22.385021,143.040337
Schools,-18.582183,146.287678
Schools,-18.736684,146.576924
Schools,-27.525283,153.072166
Schools,-27.534281,153.06422
Schools,-17.521593,146.029668
Schools,-27.229117,152.980449
Schools,-16.900255,145.756261
Schools,-27.173519,152.942065
Schools,-16.942999,145.736922
Schools,-10.5842,142.216485
Schools,-26.630073,152.946813
Schools,-17.147128,145.111681
Schools,-16.46202,145.369228
Schools,-23.365846,150.529858
Schools,-17.937311,145.920946
Schools,-27.450105,153.013065
Schools,-16.924055,145.741392
Schools,-27.442276,152.944427
Schools,-17.737031,146.005364
Schools,-17.265445,145.478457
Schools,-16.926715,145.766571
Schools,-17.518005,146.035748
Schools,-17.09537,145.787079
Schools,-17.518015,146.035754
Schools,-17.343172,145.922629
Schools,-17.598512,145.996193
Schools,-27.583174,151.978665
Schools,-17.611237,145.487502
Schools,-17.006325,145.731002
Schools,-16.994463,145.425551
Schools,-19.576578,147.408444
Schools,-20.079807,146.259216
Schools,-18.654111,146.169618
Schools,-27.636472,152.404518
Schools,-27.467376,152.58427
Schools,-27.924014,153.378384
Schools,-27.438651,153.145788
Schools,-27.870493,153.297814
Schools,-20.734807,139.487327
Schools,-27.407445,153.025007
Schools,-26.824988,153.103085
Schools,-27.078757,152.962543
Schools,-26.427873,152.903924
Schools,-27.461527,153.029908
Schools,-27.456773,153.025124
Schools,-27.486973,153.025089
Schools,-27.437643,152.979284
Schools,-27.323343,153.083148
Schools,-27.496463,153.052
Schools,-25.298549,152.813363
Schools,-27.576714,153.281163
Schools,-27.858461,153.302274
Schools,-27.975092,153.383562
Schools,-27.571421,151.970545
Schools,-26.57219,148.780184
Schools,-27.56047,151.942911
Schools,-18.644476,146.155029
Schools,-19.315671,146.717785
Schools,-16.926355,145.768001
Schools,-21.138565,149.184476
Schools,-27.500269,152.98061
Schools,-27.313569,153.043812
Schools,-27.404243,153.058799
Schools,-27.509913,153.06381
Schools,-27.469793,153.058808
Schools,-27.405642,153.027438
Schools,-27.444614,152.988349
Schools,-27.515563,153.031499
Schools,-27.490713,153.090538
Schools,-27.530023,153.092828
Schools,-27.469585,152.973409
Schools,-27.609871,152.754301
Schools,-27.359363,153.061768
Schools,-27.710483,153.198708
Schools,-27.609713,152.755191
Schools,-27.460613,153.03323
Schools,-27.599284,152.837787
Schools,-27.425023,153.056398
Schools,-19.239071,146.653949
Schools,-27.573746,153.048834
Schools,-27.552663,153.07602
Schools,-28.044539,153.365097
Schools,-27.667328,153.204519
Schools,-28.100924,153.429551
Schools,-26.629755,152.960108
Schools,-25.54298,152.696613
Schools,-26.534594,151.841706
Schools,-26.192205,152.66711
Schools,-28.225287,152.027794
Schools,-27.535304,151.958103
Schools,-27.597081,152.988061
Schools,-28.652467,151.938103
Schools,-12.626476,141.87992
Schools,-23.9453,151.360062
Schools,-27.571655,151.95356
Schools,-27.233053,153.022297
Schools,-27.555609,151.940941
Schools,-24.895726,152.339843
Schools,-23.349661,150.522518
Schools,-23.866761,151.241957
Schools,-21.154793,149.184283
Schools,-23.439268,144.250965
Schools,-26.535369,153.046951
Schools,-23.115279,150.727772
Schools,-23.130393,150.743545
Schools,-20.721984,139.494616
Schools,-19.564638,147.414266
Schools,-27.668539,152.851531
Schools,-19.299378,146.757682
Schools,-26.404981,153.101731
Schools,-19.277998,146.799506
Schools,-27.150286,152.968505
Schools,-19.252252,146.817003
Schools,-27.583591,153.296345
Schools,-18.4794,145.905343
Schools,-23.449251,150.463979
Schools,-23.386111,150.505469
Schools,-17.521245,146.028133
Schools,-17.377851,145.383733
Schools,-16.971025,145.741642
Schools,-16.917595,145.773301
Schools,-27.416674,152.989079
Schools,-28.130861,153.474928
Schools,-23.341863,150.5441
Schools,-27.558911,151.977184
Schools,-27.708684,153.148567
Schools,-27.482263,153.0513
Schools,-16.978901,145.744499
Schools,-27.538587,152.979176
Schools,-27.316389,153.004215
Schools,-27.430561,153.049985
Schools,-20.062865,146.276864
Schools,-28.060906,153.36112
Schools,-27.983058,153.413639
Schools,-19.296162,146.778644
Schools,-26.698811,153.059226
Schools,-27.590015,152.704989
Schools,-27.968845,153.409238
Schools,-24.852686,152.384944
Schools,-27.621163,152.972276
Schools,-27.38331,153.016738
Schools,-27.562388,151.935779
Schools,-27.324795,153.042047
Schools,-27.487004,152.987731
Schools,-27.420043,153.051838
Schools,-16.524597,145.461256
Schools,-28.093734,152.843572
Schools,-27.483543,153.025359
Schools,-27.555323,151.977165
Schools,-26.801453,153.090317
Schools,-27.220654,152.985067
Schools,-28.102339,153.400613
Schools,-27.59584,152.746149
Schools,-27.568677,151.905139
Schools,-24.853065,152.330954
Schools,-16.928883,145.748711
Schools,-19.305642,146.767295
Schools,-21.100699,149.164557
Schools,-27.693979,153.157642
Schools,-27.506204,152.98321
Schools,-27.571061,151.930905
Schools,-26.671173,153.081431
Schools,-26.617844,152.901288
Schools,-28.204078,152.0445
Schools,-27.524134,152.918721
Schools,-23.38858,150.496149
Schools,-19.251717,146.805925
Schools,-27.459894,153.018621
Schools,-27.458918,153.019864
Schools,-27.613971,152.771037
Schools,-27.614052,152.752474
Schools,-27.563347,151.96904
Schools,-23.384691,150.494449
Schools,-26.408142,153.049454
Schools,-24.129655,149.457665
Schools,-28.000762,153.318374
Schools,-27.583501,151.981814
Schools,-27.800229,153.285121
Schools,-26.714284,153.060236
Schools,-27.535706,153.190603
Schools,-27.535705,153.1906
Schools,-12.626479,141.879926
Schools,-27.615922,153.141971
Schools,-26.176279,152.656667
Schools,-19.319762,146.712928
Schools,-28.128939,153.449544
Schools,-25.230748,152.279749
Schools,-20.406277,148.581739
Schools,-27.106571,152.947001
Schools,-17.517999,146.028648
Schools,-17.61035,145.489011
Schools,-27.636261,152.585734
Schools,-17.940161,145.93047
Schools,-27.470474,153.149798
Schools,-27.660355,153.098532
Schools,-27.160134,152.938279
Schools,-27.639208,153.055375
Schools,-27.670697,152.922252
Schools,-28.210574,152.04523
Schools,-28.103286,153.398128
Schools,-19.312602,146.780314
Schools,-27.068829,153.019908
Schools,-23.872491,151.255686
Schools,-27.394113,152.990819
Schools,-25.298958,152.815561
Schools,-27.610851,152.887264
Schools,-27.486818,151.948119
Schools,-28.097214,153.39648
Schools,-27.171616,151.278221
Schools,-26.799655,153.118339
Schools,-27.555752,153.145029
Schools,-27.581202,153.025541
Schools,-18.638533,146.167661
Schools,-27.635144,153.150536
Schools,-27.213024,153.063597
Schools,-27.287884,152.952778
Schools,-27.753893,153.200393
Schools,-27.591957,153.294004
Schools,-23.372668,150.51611
Schools,-27.564914,153.266777
Schools,-27.350033,152.970625
Schools,-27.549202,153.195558
Schools,-27.466195,153.011156
Schools,-27.190927,153.030192
Schools,-26.404156,153.098697
Schools,-19.268881,146.803211
Schools,-28.645309,151.931207
Schools,-27.411784,152.978016
Schools,-27.073745,152.936372
Schools,-26.74096,153.126839
Schools,-23.849567,151.230698
Schools,-27.542903,152.942538
Schools,-27.675694,153.089979
Schools,-27.464193,153.159311
Schools,-25.300176,152.875652
Schools,-19.30503,146.722231
Schools,-27.594802,153.288528
Schools,-27.357291,152.968797
Schools,-24.98987,151.969494
Schools,-27.709698,151.646007
Schools,-26.567632,148.781303
Schools,-27.500843,152.984287
Schools,-26.567651,148.781329
Schools,-19.272659,146.810535
Schools,-24.869187,152.347883
Schools,-27.408771,152.958063
Schools,-21.14598,149.175012
Schools,-28.00006,153.342758
Schools,-27.231626,153.087748
Schools,-19.273455,146.769024
Schools,-25.008826,152.37818
Schools,-28.231415,152.048696
Schools,-27.233485,153.031826
Schools,-27.486365,152.978986
Schools,-27.453095,153.01439
Schools,-27.669457,152.907494
Schools,-19.318459,146.766287
Schools,-16.804251,145.617934
Schools,-27.20489,153.110154
Schools,-27.660822,153.109798
Schools,-25.51766,152.664785
Schools,-17.274174,145.479139
Schools,-18.638528,146.167674
Schools,-21.113988,149.177134
Schools,-27.936656,153.303364
Schools,-27.575501,151.927625
Schools,-27.591096,151.953529
Schools,-10.886675,142.389978
Schools,-10.905919,142.322523
Schools,-27.444742,151.718903
Schools,-23.860171,151.25213
Schools,-27.481846,152.989087
Schools,-27.308131,153.043039
Schools,-27.667894,153.053933
Schools,-27.710917,152.9775
Schools,-25.538713,152.714708
Schools,-26.292954,151.954613
Schools,-25.525252,152.678541
Schools,-21.145681,148.958678
Schools,-27.248016,153.085901
Schools,-28.086849,153.347618
Schools,-25.279678,152.833656
Schools,-23.369247,150.499487
Schools,-27.57895,151.964227
Schools,-27.652201,153.0977
Schools,-10.581798,142.221208
Schools,-27.967002,153.382835
Schools,-27.848081,153.300257
Schools,-27.529427,153.279419
Schools,-27.689276,152.908067
Schools,-28.091857,153.392388
Schools,-21.998828,148.061361
Schools,-27.389999,152.966051
Schools,-23.095517,150.74134
Schools,-27.254389,153.089762
Schools,-27.638085,152.776268
Schools,-27.557387,152.274555
Schools,-27.584875,153.293386
Schools,-24.401565,150.520288
Schools,-24.869147,152.362284
Schools,-27.391974,152.978109
Schools,-27.555424,152.928051
Schools,-27.072285,152.932928
Schools,-26.537564,151.856236
Schools,-28.122612,153.431602
Schools,-16.878513,145.690187
Schools,-23.874273,151.271142
Schools,-27.216858,153.05583
Schools,-27.584491,153.123681
Schools,-27.560323,151.966105
Schools,-27.556589,151.948685
Schools,-25.348084,152.600222
Schools,-19.272659,146.810535
Schools,-28.078458,153.41202
Schools,-21.14812,149.194011
Schools,-27.383548,153.061534
Schools,-27.531298,152.962828
Schools,-26.737971,150.640557
Schools,-27.387534,152.962569
Schools,-27.515212,153.247847
Schools,-27.460936,153.086147
Schools,-27.817069,153.019057
Schools,-27.740317,153.190118
Schools,-20.069855,146.256666
Schools,-27.492472,153.232867
Schools,-27.626244,153.106488
Schools,-27.454803,153.154046
Schools,-27.346149,152.970755
Schools,-27.360387,152.973081
Schools,-27.614899,153.031331
Schools,-28.036607,151.98635
Schools,-19.315486,146.778356
Schools,-28.090947,153.374723
Schools,-17.346479,145.912166
Schools,-28.016537,153.369536
Schools,-27.392253,152.858641
Schools,-27.927672,153.360364
Schools,-16.938338,145.744983
Schools,-27.456263,153.072871
Schools,-23.559048,145.294399
Schools,-21.093001,149.17124
Schools,-27.718441,153.199219
Schools,-26.863385,152.954462
Schools,-19.250927,146.793088
Schools,-24.398574,150.517874
Schools,-26.613632,153.032101
Schools,-19.248218,146.6846
Schools,-27.083142,153.161765
Schools,-28.035592,153.434684
Schools,-26.684509,153.053417
Schools,-24.848983,152.339453
Schools,-24.852304,152.340355
Schools,-18.736286,146.578492
Schools,-20.899183,148.770286
Schools,-28.085283,153.430329
Schools,-26.714305,153.069428
Schools,-26.404857,146.242017
Schools,-26.142399,152.615088
Schools,-26.698467,152.999726
Schools,-26.749729,150.61867
Schools,-20.704021,140.505884
Schools,-27.253416,153.0812
Schools,-28.091886,153.376186
Schools,-15.481897,145.250931
Schools,-26.501656,153.085037
Schools,-27.893532,153.388392
Schools,-26.198244,152.640978
Schools,-27.38327,153.016687
Schools,-28.07135,145.679182
Schools,-19.280247,146.773462
Schools,-27.527424,152.96376
Schools,-25.51766,152.664785
Schools,-26.777164,153.135527
Schools,-27.600569,151.950412
Schools,-27.194406,152.820049
Schools,-26.665243,152.97695
Schools,-23.532241,148.151245
Schools,-26.163354,152.664477
Schools,-27.694805,153.213235
Schools,-27.535048,153.112625
Schools,-27.37909,153.08141
Schools,-27.335734,152.956199
Schools,-27.705619,153.170686
Schools,-16.90574,145.74217
Schools,-27.406019,152.933506
Schools,-21.114506,149.168357
Schools,-27.807107,152.956215
Schools,-19.572581,147.417313
Schools,-17.274174,145.479139
Schools,-27.557803,153.039059
Schools,-19.270303,146.738237
Schools,-26.643696,152.961368
Schools,-16.893266,145.709412
Schools,-21.114153,149.182419
Schools,-21.102323,149.172853
Schools,-16.810739,145.694706
Schools,-17.079908,145.776438
Schools,-27.597672,153.043054
Schools,-27.293711,153.057695
Schools,-17.671048,141.079709
Schools,-24.992413,151.954781
Schools,-23.329303,150.51644
Schools,-27.562744,151.902395
Schools,-17.088918,145.778628
Schools,-27.630199,153.115547
Schools,-27.543596,152.470256
Schools,-27.915893,153.328161
Schools,-20.846624,144.196747
Schools,-18.652296,146.161693
Schools,-17.015638,145.722938
Schools,-24.845894,152.397098
Schools,-27.561845,152.825411
Schools,-27.647185,153.17707
Schools,-23.878724,151.252494
Schools,-27.665413,153.111419
Schools,-27.230342,153.086574
Schools,-15.471712,141.744584
Schools,-27.254988,152.96903
Schools,-27.281618,152.974965
Schools,-27.624519,152.736998
Schools,-27.765051,153.106533
Schools,-27.68689,153.180772
Schools,-17.350684,145.592462
Schools,-26.462346,152.679814
Schools,-25.534855,152.697454
Schools,-27.388122,152.989418
Schools,-27.601477,151.956509
Schools,-24.870247,151.118736
Schools,-21.998828,148.061361
Schools,-27.464252,153.066369
Schools,-27.551071,152.807408
Schools,-23.643959,150.387192
Schools,-27.205563,152.961441
Schools,-27.317547,153.025148
Schools,-27.235722,153.024797
Schools,-19.247605,146.673317
Schools,-10.895094,142.385892
Schools,-19.304468,146.812476
Schools,-26.61415,153.080493
Schools,-27.702035,153.039101
Schools,-27.449371,152.951404
Schools,-27.267923,152.972187
Schools,-28.073956,153.376596
Schools,-28.071079,153.399157
Schools,-27.585854,153.111456
Schools,-27.590697,153.12963
Schools,-27.580766,153.125363
Schools,-24.62313,151.916028
Schools,-27.604712,153.06947
Schools,-27.376383,152.881275
Schools,-27.320676,153.06568
Schools,-21.420429,149.213676
Schools,-27.606243,152.976601
Schools,-27.611795,153.137163
Schools,-27.29397,152.989915
Schools,-27.639669,153.055885
Schools,-26.400923,153.100752
Schools,-27.347869,153.039856
Schools,-23.959622,151.365041
Schools,-23.951007,151.364429
Schools,-27.445209,152.949885
Schools,-25.558592,152.66775
Schools,-16.804251,145.617934
Schools,-17.53969,146.034876
Schools,-10.895162,142.385919
Schools,-19.562731,147.41689
Schools,-27.347972,153.059665
Schools,-16.852394,145.695116
Schools,-27.499581,152.944887
Schools,-27.628823,153.137676
Schools,-27.596866,152.982397
Schools,-27.500843,152.984287
Schools,-27.500236,152.965934
Schools,-27.606674,152.776741
Schools,-27.542208,153.106306
Schools,-27.545115,153.106102
Schools,-27.525609,153.058583
Schools,-26.65678,150.186427
Schools,-17.937606,145.922025
Schools,-27.467157,152.998882
Schools,-27.800455,153.27627
Schools,-27.939685,153.319763
Schools,-19.288517,146.783782
Schools,-27.640984,152.78245
Schools,-27.618688,153.292804
Schools,-27.670736,152.922254
Schools,-27.607707,153.129132
Schools,-25.296532,152.876348
Schools,-19.315336,146.734481
Schools,-27.549865,153.094787
Schools,-27.412841,152.969697
Schools,-27.369143,153.01514
Schools,-28.006354,153.391125
Schools,-28.002772,153.357194
Schools,-27.18098,152.992886
Schools,-23.852205,151.251193
Schools,-16.905327,145.86457
Schools,-16.928818,145.874386
Schools,-16.907911,145.868332
Schools,-27.216105,153.007517
Schools,-27.892875,153.282805
Schools,-27.770737,153.263708
Schools,-27.453458,153.037457
Schools,-19.25768,146.702736
Schools,-17.373755,145.378212
Schools,-17.380627,145.382621
Schools,-27.78185,153.27298
Schools,-27.058399,152.951797
Schools,-25.286088,152.863568
Schools,-17.612892,145.482287
Schools,-17.610445,145.489006
Schools,-23.384706,150.498353
Schools,-27.457546,153.027284
Schools,-23.874273,151.271142
Schools,-27.579512,151.963957
Schools,-27.621908,153.036406
Schools,-27.989287,153.381065
Schools,-24.882095,152.31333
Schools,-27.320777,153.007607
Schools,-27.995415,153.396096
Schools,-28.00555,153.388503
Schools,-27.927501,153.39708
Schools,-27.506299,153.212683
Schools,-27.216105,153.007517
Schools,-24.861844,152.372379
Schools,-27.082934,152.948542
Schools,-16.923373,145.751663
Schools,-24.004108,151.202766
Schools,-20.27508,148.699956
Schools,-28.017066,153.162275
Schools,-27.677651,153.235185
Schools,-27.642672,152.750874
Schools,-27.528484,153.270686
Schools,-27.614654,152.863015
Schools,-20.547876,147.83437
Schools,-27.549192,152.981661
Schools,-23.383376,150.487825
Schools,-28.138085,153.477786
Schools,-27.417827,153.050573
Schools,-27.919551,153.305518
Schools,-28.039679,153.31101
Schools,-23.861382,151.270142
Schools,-19.667477,147.423075
Schools,-26.229307,152.667238
Schools,-27.24863,152.992667
Schools,-27.984956,153.399596
Schools,-26.087128,152.241604
Schools,-28.341292,152.297358
Schools,-27.714303,153.114193
Schools,-28.041004,153.376418
Schools,-27.559618,152.917525
Schools,-27.621094,153.237496
Schools,-26.236986,151.944594
Schools,-26.66742,151.993257
Schools,-27.988444,153.338259
Schools,-27.899627,153.303554
Schools,-27.770737,153.263708
Schools,-27.94318,153.320195
Schools,-28.110394,153.463208
Schools,-27.936656,153.303364
Schools,-27.817322,153.27773
Schools,-26.168967,151.600104
Schools,-19.976283,148.227055
Schools,-26.614718,144.271602
Schools,-27.565309,153.05613
Schools,-27.643076,153.152733
Schools,-28.012084,153.420772
Schools,-26.555802,151.838437
Schools,-28.139992,153.430151
Schools,-25.290934,152.901988
Schools,-18.647356,146.201779
Schools,-28.217477,152.029726
Schools,-24.878694,152.405796
Schools,-19.32434,146.812551
Schools,-27.454402,153.176373
Schools,-25.289471,152.80447
Schools,-27.65793,153.121626
Schools,-27.575374,151.933383
Schools,-27.653122,152.907069
Schools,-27.229117,152.980449
Schools,-26.62143,152.964562
Schools,-27.205623,152.961399
Schools,-23.933938,151.343942
Schools,-27.703855,153.213214
Schools,-27.643122,153.099384
Schools,-27.490834,153.239349
Schools,-27.932839,153.190335
Schools,-27.94267,153.403045
Schools,-17.518007,146.035739
Schools,-27.64143,153.104249
Schools,-16.95951,145.741202
Schools,-16.923373,145.75163
Schools,-23.127883,150.741745
Schools,-28.205431,153.393616
Schools,-27.656562,152.750369
Schools,-27.603608,152.846753
Schools,-27.306111,152.969502
Schools,-26.773804,153.102817
Schools,-27.17353,152.93297
Schools,-25.812096,152.623022
Schools,-27.453114,153.065005
Schools,-27.491516,153.151924
Schools,-27.607371,153.096524
Schools,-27.402548,153.058168
Schools,-17.941233,138.828059
Schools,-16.666371,139.183349
Schools,-17.672966,141.079627
Schools,-27.938003,153.382168
Schools,-27.982047,153.384568
Schools,-20.712534,139.510878
Schools,-27.499565,153.083909
Schools,-27.563616,153.261289
Schools,-28.220802,152.014596
Schools,-27.441663,153.160279
Schools,-28.07106,153.399157
Schools,-15.482352,145.25817
Schools,-27.656348,152.878235
Schools,-27.62994,152.852629
Schools,-27.845489,153.327484
Schools,-27.696917,152.906649
Schools,-27.690645,152.908466
Schools,-27.9105,153.3975
Schools,-27.457938,153.028389
Schools,-21.173712,149.139731
Schools,-27.38331,153.016738
Schools,-27.656348,152.878235
Schools,-23.57238,148.88352
Schools,-27.486125,153.053695
Schools,-27.48161,153.01825
Schools,-27.496103,152.913087
Schools,-27.152348,151.294922
Schools,-27.845489,153.327484
Schools,-26.179473,152.06506
Schools,-27.773711,153.244247
Schools,-27.516519,153.258213
Schools,-24.884918,146.253227
Schools,-25.728547,152.580366
Schools,-16.987184,145.743426
Schools,-27.441663,153.160279
Schools,-27.441663,153.160279
Schools,-16.921704,145.754369
Schools,-20.721383,139.511562
Schools,-27.317894,153.037866
Schools,-27.446906,152.644055
Schools,-19.296493,146.762543
Schools,-27.466195,153.011156
Schools,-27.35648,153.021317
Schools,-26.709302,153.111991
Schools,-27.259153,153.007395
Schools,-27.243355,153.034749
Schools,-20.410976,148.590795
Schools,-16.949039,145.770103
Schools,-27.415519,153.014032
Schools,-27.233378,153.032125
Schools,-27.152348,151.294922
Schools,-26.186236,152.678764
Schools,-27.695926,152.910116
Schools,-21.068602,149.161558
Schools,-27.615368,152.766801
Schools,-23.532677,148.152306
Schools,-23.25921,150.82102
Schools,-23.435617,150.453833
Schools,-21.157833,148.862056
Schools,-23.295438,150.514138
Schools,-23.448456,150.452238
Schools,-24.134138,149.455991
Schools,-22.810802,148.701228
Schools,-19.156974,146.851238
Schools,-27.690645,152.908466
Schools,-27.60605,152.661749
Schools,-27.160134,152.938279
Schools,-26.797078,153.13473
Schools,-26.729244,152.718469
Schools,-27.191031,153.029347
Schools,-26.598983,152.725601
Schools,-26.940322,152.567478
Schools,-26.625494,152.865944
Schools,-26.688804,152.893329
Schools,-26.678266,153.114317
Schools,-27.29401,152.850205
Schools,-26.500336,153.072306
Schools,-26.552307,152.958226
Schools,-27.259153,153.007395
Schools,-27.243355,153.034749
Schools,-26.709302,153.111991
Schools,-27.848081,153.300257
Schools,-27.892875,153.282805
Schools,-27.52771,153.230348
Schools,-27.131104,153.046045
Schools,-16.920982,145.772853
Schools,-27.640603,153.092299
Schools,-12.626479,141.879926
Schools,-27.834639,153.317723
Schools,-25.30176,152.832194
Schools,-27.449024,153.128449
Schools,-23.375394,150.498876
Schools,-28.202115,152.032584
Schools,-24.880543,152.344504
Schools,-27.597846,152.96655
Schools,-27.129615,153.051074
Schools,-13.353032,141.729393
Schools,-18.999076,144.980704
Schools,-21.068602,149.161558
Schools,-28.850504,151.174371
Schools,-28.645309,151.931207
Schools,-28.201006,152.029107
Schools,-28.416453,151.07671
Schools,-26.320453,151.882552
Schools,-26.224413,151.846221
Schools,-27.157586,152.959156
Schools,-26.523505,152.96616
Schools,-27.596472,151.931732
Schools,-27.963755,153.412153
Schools,-28.121461,153.47331
Schools,-27.492241,153.02936
Schools,-19.272659,146.810535
Schools,-27.574579,151.932442
